<?xml version="1.0" encoding="UTF-8" ?>
<odoo>
    <data>
        <record id="corn_patient" model="ir.cron">
            <field name="name">Test Corn Patient</field>
            <field name="interval_number">1</field>
            <field name="interval_type">days</field>
            <field name="numbercall">-1</field>
            <field name="nextcall" eval="(DateTime.now().replace(hour=2, minute=0) + timedelta(days=1)).strftime('%Y-%m-%d %H:%M:%S')" />
            <field name="doall" eval="False"/>
            <field name="model_id" ref="model_hospital_patient"/>
            <field name="code">model.test_corn_patient()</field>
            <field name="state">code</field>
        </record>
    </data>
</odoo>