<?xml version="1.0" encoding="utf-8"?>
<odoo>
    <data noupdate="1">
        <record id="mail_template_pateint_card" model="mail.template">
            <field name="name">Patient Card : Send by email</field>
            <field name="model_id" ref="hospital.model_hospital_patient"/>
            <field name="subject">Patient Card (Ref {{ object.secuence}})</field>
            <field name="email_from">{{ (object.user_id.email_formatted or user.email_formatted) }}</field>
            <field name="email_to">{{ object.email_id }}</field>
            <field name="body_html" type="html">
                <div style="margin: 0px; padding: 0px;">
                    <p style="margin: 0px; padding: 0px;font-size: 13px;">
                        Hello <t t-out="object.name.">Mohamed</t>,<br/>
                        Here is your name <strong t-out="object.name">RO/00004</strong>
                        Here is your age <strong t-out="object.age">RO/00004</strong>
<!--                        <t t-if="object.invoice_method != 'none'">-->
<!--                            amounting in <strong><t t-out="format_amount(object.amount_total, object.pricelist_id.currency_id) or ''">$ 100.00</t>.</strong><br/>-->
<!--                        </t>-->
<!--                        <t t-else="">-->
<!--                            .<br/>-->
<!--                        </t>-->
                        You can reply to this email if you have any questions.
                        <br/><br/>
                        Thank you,
                        <t t-if="user.signature">
                            <br />
                            <t t-out="user.signature or ''">--<br/>Mitchell Admin</t>
                        </t>
                    </p>
                </div>
            </field>
            <field name="report_template" ref="hospital_patient_report"/>
            <field name="report_name">{{ (object.secuence) }}</field>
            <field name="lang">{{ object.email_id.lang }}</field>
            <field name="auto_delete" eval="True"/>
        </record>
    </data>
</odoo>
