id,name,model_id:id,group_id:id,perm_read,perm_write,perm_create,perm_unlink
access_hospital_patient,hospital.patient,model_hospital_patient,base.group_user,1,1,1,1
access_hospital_doctor,hospital.doctor,model_hospital_doctor,base.group_user,1,1,1,1
access_hospital_specialism,hospital.specialism,model_hospital_specialism,base.group_user,1,1,1,1
access_hospital_appointment,hospital.appointment,model_hospital_appointment,base.group_user,1,1,1,1
access_hospital_medicine,hospital.medicine,model_hospital_medicine,base.group_user,1,1,1,1
access_hospital_wizard,hospital.wizard,model_hospital_wizard,base.group_user,1,1,1,1
access_hospital_create_fu,hospital.create.fu,model_hospital_create_fu,base.group_user,1,1,1,1
access_hospital_report_hospital_report_patient_xls,hospital.report.hospital.report_patient_xls,model_report_hospital_report_patient_xls,base.group_user,1,1,1,1

